<?xml version="1.0" encoding="utf-8"?>
<manifest xmlns="http://www.imsglobal.org/xsd/imscp_v1p1" xmlns:adlcp="http://www.adlnet.org/xsd/adlcp_v1p3" xmlns:lom="http://ltsc.ieee.org/xsd/LOM" identifier="com.github.io.vlmantova.bookml.SCORM" xml:lang="en-GB"><metadata><schema>ADL SCORM</schema><schemaversion>2004 3rd Edition</schemaversion><lom:lom><lom:general><lom:title><lom:string>BookML template</lom:string></lom:title><lom:description><lom:string>Empty template for use with BookML.</lom:string></lom:description></lom:general><lom:lifeCycle><lom:contribute><lom:role><lom:value>author</lom:value></lom:role><lom:entity><![CDATA[BEGIN:VCARD VERSION:2.1
FN:Author
END:VCARD]]></lom:entity></lom:contribute></lom:lifeCycle></lom:lom></metadata><organizations><organization identifier="org1"><title>BookML template</title><item identifier="item1" identifierref="resource1"><title>BookML template</title></item></organization></organizations><resources><resource identifier="resource1" type="webcontent" adlcp:scormType="asset" href="index.html"><file href="index.html"/><file href="LaTeXML.css"/><file href="bmluser/colors.gitbook-template.css"/><file href="bookml/CSS/style.css"/><file href="bookml/CSS/style.gitbook,plain.css"/><file href="bookml/CSS/style.gitbook.css"/><file href="bookml/gitbook/css/fontawesome/fontawesome-webfont.ttf"/><file href="bookml/gitbook/css/plugin-bookdown.css"/><file href="bookml/gitbook/css/plugin-fontsettings.css"/><file href="bookml/gitbook/css/plugin-search.css"/><file href="bookml/gitbook/css/plugin-table.css"/><file href="bookml/gitbook/css/style.css"/><file href="bookml/gitbook/js/app.min.js"/><file href="bookml/gitbook/js/jquery.highlight.js"/><file href="bookml/gitbook/js/plugin-bookdown.js"/><file href="bookml/gitbook/js/plugin-fontsettings.js"/><file href="bookml/gitbook/js/plugin-search.js"/><file href="ltx-amsart.css"/><file href="ltx-article.css"/><file href="search_index.json"/><file href="template-sans-large.pdf"/><file href="template-sans.pdf"/><file href="template.pdf"/></resource></resources></manifest>
